user_id,name,email,date_of_birth
1119,john9,john9@gmail.com,2008-10-09
1116,john6,john6@gmail.com,2007-07-06
1120,john10,john10@gmail.com,2009-11-12
1117,john7,john7@gmail.com,2011-08-07
1115,john5,john5@gmail.com,2008-06-05
1118,john8,john8@gmail.com,2007-09-08
